[{"model": "contenttypes.contenttype", "pk": 1, "fields": {"app_label": "admin", "model": "logentry"}}, {"model": "contenttypes.contenttype", "pk": 2, "fields": {"app_label": "auth", "model": "user"}}, {"model": "contenttypes.contenttype", "pk": 3, "fields": {"app_label": "auth", "model": "permission"}}, {"model": "contenttypes.contenttype", "pk": 4, "fields": {"app_label": "auth", "model": "group"}}, {"model": "contenttypes.contenttype", "pk": 5, "fields": {"app_label": "contenttypes", "model": "contenttype"}}, {"model": "contenttypes.contenttype", "pk": 6, "fields": {"app_label": "sessions", "model": "session"}}, {"model": "contenttypes.contenttype", "pk": 7, "fields": {"app_label": "aww", "model": "admin"}}, {"model": "contenttypes.contenttype", "pk": 8, "fields": {"app_label": "aww", "model": "admin_cdpo"}}, {"model": "contenttypes.contenttype", "pk": 9, "fields": {"app_label": "aww", "model": "application"}}, {"model": "contenttypes.contenttype", "pk": 10, "fields": {"app_label": "aww", "model": "admin_deputycollector"}}, {"model": "contenttypes.contenttype", "pk": 11, "fields": {"app_label": "aww", "model": "center"}}, {"model": "contenttypes.contenttype", "pk": 12, "fields": {"app_label": "aww", "model": "admin_tdo"}}, {"model": "contenttypes.contenttype", "pk": 13, "fields": {"app_label": "aww", "model": "subscribers"}}, {"model": "contenttypes.contenttype", "pk": 14, "fields": {"app_label": "aww", "model": "district"}}, {"model": "contenttypes.contenttype", "pk": 15, "fields": {"app_label": "aww", "model": "state"}}, {"model": "contenttypes.contenttype", "pk": 16, "fields": {"app_label": "aww", "model": "project"}}, {"model": "aww.state", "pk": 1, "fields": {"name": "Gujarat"}}, {"model": "aww.state", "pk": 2, "fields": {"name": "Maharashtra"}}, {"model": "aww.state", "pk": 3, "fields": {"name": "Delhi"}}, {"model": "aww.district", "pk": 1, "fields": {"state": 1, "name": "Guj dis 0"}}, {"model": "aww.district", "pk": 2, "fields": {"state": 1, "name": "Guj dis 1"}}, {"model": "aww.district", "pk": 3, "fields": {"state": 2, "name": "Mah dis 0"}}, {"model": "aww.district", "pk": 4, "fields": {"state": 2, "name": "Mah dis 1"}}, {"model": "aww.district", "pk": 5, "fields": {"state": 3, "name": "Del dis 0"}}, {"model": "aww.district", "pk": 6, "fields": {"state": 3, "name": "Del dis 1"}}, {"model": "aww.project", "pk": 1, "fields": {"state": 1, "district": 1, "name": "Guj dis 0 proj 0"}}, {"model": "aww.project", "pk": 2, "fields": {"state": 1, "district": 1, "name": "Guj dis 0 proj 1"}}, {"model": "aww.project", "pk": 3, "fields": {"state": 1, "district": 2, "name": "Guj dis 1 proj 0"}}, {"model": "aww.project", "pk": 4, "fields": {"state": 1, "district": 2, "name": "Guj dis 1 proj 1"}}, {"model": "aww.project", "pk": 5, "fields": {"state": 2, "district": 3, "name": "Mah dis 0 proj 0"}}, {"model": "aww.project", "pk": 6, "fields": {"state": 2, "district": 3, "name": "Mah dis 0 proj 1"}}, {"model": "aww.project", "pk": 7, "fields": {"state": 2, "district": 4, "name": "Mah dis 1 proj 0"}}, {"model": "aww.project", "pk": 8, "fields": {"state": 2, "district": 4, "name": "Mah dis 1 proj 1"}}, {"model": "aww.project", "pk": 9, "fields": {"state": 3, "district": 5, "name": "Del dis 0 proj 0"}}, {"model": "aww.project", "pk": 10, "fields": {"state": 3, "district": 5, "name": "Del dis 0 proj 1"}}, {"model": "aww.project", "pk": 11, "fields": {"state": 3, "district": 6, "name": "Del dis 1 proj 0"}}, {"model": "aww.project", "pk": 12, "fields": {"state": 3, "district": 6, "name": "Del dis 1 proj 1"}}, {"model": "aww.center", "pk": 1, "fields": {"state": 1, "district": 1, "project": 1, "sector": 0, "pincode": 364002, "name": "0 center", "center_no": 0, "address": "", "longitude": 0, "latitude": 0, "W_vacancies": 0, "H_vacancies": 0}}, {"model": "aww.center", "pk": 2, "fields": {"state": 1, "district": 1, "project": 1, "sector": 1, "pincode": 364002, "name": "1 center", "center_no": 0, "address": "", "longitude": 0, "latitude": 0, "W_vacancies": 0, "H_vacancies": 0}}, {"model": "aww.center", "pk": 3, "fields": {"state": 1, "district": 1, "project": 2, "sector": 0, "pincode": 364002, "name": "0 center", "center_no": 0, "address": "", "longitude": 0, "latitude": 0, "W_vacancies": 0, "H_vacancies": 0}}, {"model": "aww.center", "pk": 4, "fields": {"state": 1, "district": 1, "project": 2, "sector": 1, "pincode": 364002, "name": "1 center", "center_no": 0, "address": "", "longitude": 0, "latitude": 0, "W_vacancies": 0, "H_vacancies": 0}}, {"model": "aww.center", "pk": 5, "fields": {"state": 1, "district": 2, "project": 3, "sector": 0, "pincode": 364002, "name": "0 center", "center_no": 0, "address": "", "longitude": 0, "latitude": 0, "W_vacancies": 0, "H_vacancies": 0}}, {"model": "aww.center", "pk": 6, "fields": {"state": 1, "district": 2, "project": 3, "sector": 1, "pincode": 364002, "name": "1 center", "center_no": 0, "address": "", "longitude": 0, "latitude": 0, "W_vacancies": 0, "H_vacancies": 0}}, {"model": "aww.center", "pk": 7, "fields": {"state": 1, "district": 2, "project": 4, "sector": 0, "pincode": 364002, "name": "0 center", "center_no": 0, "address": "", "longitude": 0, "latitude": 0, "W_vacancies": 0, "H_vacancies": 0}}, {"model": "aww.center", "pk": 8, "fields": {"state": 1, "district": 2, "project": 4, "sector": 1, "pincode": 364002, "name": "1 center", "center_no": 1, "address": "", "longitude": 0, "latitude": 0, "W_vacancies": 0, "H_vacancies": 0}}, {"model": "aww.center", "pk": 9, "fields": {"state": 2, "district": 3, "project": 5, "sector": 0, "pincode": 364002, "name": "0 center", "center_no": 0, "address": "", "longitude": 0, "latitude": 0, "W_vacancies": 0, "H_vacancies": 0}}, {"model": "aww.center", "pk": 10, "fields": {"state": 2, "district": 3, "project": 5, "sector": 1, "pincode": 364002, "name": "1 center", "center_no": 0, "address": "", "longitude": 0, "latitude": 0, "W_vacancies": 0, "H_vacancies": 0}}, {"model": "aww.center", "pk": 11, "fields": {"state": 2, "district": 3, "project": 6, "sector": 0, "pincode": 364002, "name": "0 center", "center_no": 0, "address": "", "longitude": 0, "latitude": 0, "W_vacancies": 0, "H_vacancies": 0}}, {"model": "aww.center", "pk": 12, "fields": {"state": 2, "district": 3, "project": 6, "sector": 1, "pincode": 364002, "name": "1 center", "center_no": 0, "address": "", "longitude": 0, "latitude": 0, "W_vacancies": 0, "H_vacancies": 0}}, {"model": "aww.center", "pk": 13, "fields": {"state": 2, "district": 4, "project": 7, "sector": 0, "pincode": 364002, "name": "0 center", "center_no": 0, "address": "", "longitude": 0, "latitude": 0, "W_vacancies": 0, "H_vacancies": 0}}, {"model": "aww.center", "pk": 14, "fields": {"state": 2, "district": 4, "project": 7, "sector": 1, "pincode": 364002, "name": "1 center", "center_no": 0, "address": "", "longitude": 0, "latitude": 0, "W_vacancies": 0, "H_vacancies": 0}}, {"model": "aww.center", "pk": 15, "fields": {"state": 2, "district": 4, "project": 8, "sector": 0, "pincode": 364002, "name": "0 center", "center_no": 0, "address": "", "longitude": 0, "latitude": 0, "W_vacancies": 0, "H_vacancies": 0}}, {"model": "aww.center", "pk": 16, "fields": {"state": 2, "district": 4, "project": 8, "sector": 1, "pincode": 364002, "name": "1 center", "center_no": 1, "address": "", "longitude": 0, "latitude": 0, "W_vacancies": 0, "H_vacancies": 0}}, {"model": "aww.center", "pk": 17, "fields": {"state": 3, "district": 5, "project": 9, "sector": 0, "pincode": 364002, "name": "0 center", "center_no": 0, "address": "", "longitude": 0, "latitude": 0, "W_vacancies": 0, "H_vacancies": 0}}, {"model": "aww.center", "pk": 18, "fields": {"state": 3, "district": 5, "project": 9, "sector": 1, "pincode": 364002, "name": "1 center", "center_no": 0, "address": "", "longitude": 0, "latitude": 0, "W_vacancies": 0, "H_vacancies": 0}}, {"model": "aww.center", "pk": 19, "fields": {"state": 3, "district": 5, "project": 10, "sector": 0, "pincode": 364002, "name": "0 center", "center_no": 0, "address": "", "longitude": 0, "latitude": 0, "W_vacancies": 0, "H_vacancies": 0}}, {"model": "aww.center", "pk": 20, "fields": {"state": 3, "district": 5, "project": 10, "sector": 1, "pincode": 364002, "name": "1 center", "center_no": 0, "address": "", "longitude": 0, "latitude": 0, "W_vacancies": 0, "H_vacancies": 0}}, {"model": "aww.center", "pk": 21, "fields": {"state": 3, "district": 6, "project": 11, "sector": 0, "pincode": 364002, "name": "0 center", "center_no": 0, "address": "", "longitude": 0, "latitude": 0, "W_vacancies": 0, "H_vacancies": 0}}, {"model": "aww.center", "pk": 22, "fields": {"state": 3, "district": 6, "project": 11, "sector": 1, "pincode": 364002, "name": "1 center", "center_no": 0, "address": "", "longitude": 0, "latitude": 0, "W_vacancies": 0, "H_vacancies": 0}}, {"model": "aww.center", "pk": 23, "fields": {"state": 3, "district": 6, "project": 12, "sector": 0, "pincode": 364002, "name": "0 center", "center_no": 0, "address": "", "longitude": 0, "latitude": 0, "W_vacancies": 0, "H_vacancies": 0}}, {"model": "aww.center", "pk": 24, "fields": {"state": 3, "district": 6, "project": 12, "sector": 1, "pincode": 364002, "name": "1 center", "center_no": 1, "address": "", "longitude": 0, "latitude": 0, "W_vacancies": 0, "H_vacancies": 0}}, {"model": "aww.admin_cdpo", "pk": 1, "fields": {"admin": 2, "can_view": true, "can_select_for_interview": true, "can_select_for_position": false, "can_fianlize_selection": false}}, {"model": "aww.admin_cdpo", "pk": 2, "fields": {"admin": 5, "can_view": true, "can_select_for_interview": true, "can_select_for_position": false, "can_fianlize_selection": false}}, {"model": "aww.admin_cdpo", "pk": 3, "fields": {"admin": 8, "can_view": true, "can_select_for_interview": true, "can_select_for_position": false, "can_fianlize_selection": false}}, {"model": "aww.admin_cdpo", "pk": 4, "fields": {"admin": 11, "can_view": true, "can_select_for_interview": true, "can_select_for_position": false, "can_fianlize_selection": false}}, {"model": "aww.admin_cdpo", "pk": 5, "fields": {"admin": 14, "can_view": true, "can_select_for_interview": true, "can_select_for_position": false, "can_fianlize_selection": false}}, {"model": "aww.admin_cdpo", "pk": 6, "fields": {"admin": 17, "can_view": true, "can_select_for_interview": true, "can_select_for_position": false, "can_fianlize_selection": false}}, {"model": "aww.admin_cdpo", "pk": 7, "fields": {"admin": 20, "can_view": true, "can_select_for_interview": true, "can_select_for_position": false, "can_fianlize_selection": false}}, {"model": "aww.admin_cdpo", "pk": 8, "fields": {"admin": 23, "can_view": true, "can_select_for_interview": true, "can_select_for_position": false, "can_fianlize_selection": false}}, {"model": "aww.admin_cdpo", "pk": 9, "fields": {"admin": 26, "can_view": true, "can_select_for_interview": true, "can_select_for_position": false, "can_fianlize_selection": false}}, {"model": "aww.admin_cdpo", "pk": 10, "fields": {"admin": 29, "can_view": true, "can_select_for_interview": true, "can_select_for_position": false, "can_fianlize_selection": false}}, {"model": "aww.admin_cdpo", "pk": 11, "fields": {"admin": 32, "can_view": true, "can_select_for_interview": true, "can_select_for_position": false, "can_fianlize_selection": false}}, {"model": "aww.admin_cdpo", "pk": 12, "fields": {"admin": 35, "can_view": true, "can_select_for_interview": true, "can_select_for_position": false, "can_fianlize_selection": false}}, {"model": "aww.admin_tdo", "pk": 1, "fields": {"admin": 1, "can_view": true, "can_select_for_interview": true, "can_select_for_position": false, "can_fianlize_selection": false}}, {"model": "aww.admin_tdo", "pk": 2, "fields": {"admin": 4, "can_view": true, "can_select_for_interview": true, "can_select_for_position": false, "can_fianlize_selection": false}}, {"model": "aww.admin_tdo", "pk": 3, "fields": {"admin": 7, "can_view": true, "can_select_for_interview": true, "can_select_for_position": false, "can_fianlize_selection": false}}, {"model": "aww.admin_tdo", "pk": 4, "fields": {"admin": 10, "can_view": true, "can_select_for_interview": true, "can_select_for_position": false, "can_fianlize_selection": false}}, {"model": "aww.admin_tdo", "pk": 5, "fields": {"admin": 13, "can_view": true, "can_select_for_interview": true, "can_select_for_position": false, "can_fianlize_selection": false}}, {"model": "aww.admin_tdo", "pk": 6, "fields": {"admin": 16, "can_view": true, "can_select_for_interview": true, "can_select_for_position": false, "can_fianlize_selection": false}}, {"model": "aww.admin_tdo", "pk": 7, "fields": {"admin": 19, "can_view": true, "can_select_for_interview": true, "can_select_for_position": false, "can_fianlize_selection": false}}, {"model": "aww.admin_tdo", "pk": 8, "fields": {"admin": 22, "can_view": true, "can_select_for_interview": true, "can_select_for_position": false, "can_fianlize_selection": false}}, {"model": "aww.admin_tdo", "pk": 9, "fields": {"admin": 25, "can_view": true, "can_select_for_interview": true, "can_select_for_position": false, "can_fianlize_selection": false}}, {"model": "aww.admin_tdo", "pk": 10, "fields": {"admin": 28, "can_view": true, "can_select_for_interview": true, "can_select_for_position": false, "can_fianlize_selection": false}}, {"model": "aww.admin_tdo", "pk": 11, "fields": {"admin": 31, "can_view": true, "can_select_for_interview": true, "can_select_for_position": false, "can_fianlize_selection": false}}, {"model": "aww.admin_tdo", "pk": 12, "fields": {"admin": 34, "can_view": true, "can_select_for_interview": true, "can_select_for_position": false, "can_fianlize_selection": false}}, {"model": "aww.admin_deputycollector", "pk": 1, "fields": {"admin": 3, "can_view": true, "can_select_for_interview": true, "can_select_for_position": true, "can_fianlize_selection": true}}, {"model": "aww.admin_deputycollector", "pk": 2, "fields": {"admin": 6, "can_view": true, "can_select_for_interview": true, "can_select_for_position": true, "can_fianlize_selection": true}}, {"model": "aww.admin_deputycollector", "pk": 3, "fields": {"admin": 9, "can_view": true, "can_select_for_interview": true, "can_select_for_position": true, "can_fianlize_selection": true}}, {"model": "aww.admin_deputycollector", "pk": 4, "fields": {"admin": 12, "can_view": true, "can_select_for_interview": true, "can_select_for_position": true, "can_fianlize_selection": true}}, {"model": "aww.admin_deputycollector", "pk": 5, "fields": {"admin": 15, "can_view": true, "can_select_for_interview": true, "can_select_for_position": true, "can_fianlize_selection": true}}, {"model": "aww.admin_deputycollector", "pk": 6, "fields": {"admin": 18, "can_view": true, "can_select_for_interview": true, "can_select_for_position": true, "can_fianlize_selection": true}}, {"model": "aww.admin_deputycollector", "pk": 7, "fields": {"admin": 21, "can_view": true, "can_select_for_interview": true, "can_select_for_position": true, "can_fianlize_selection": true}}, {"model": "aww.admin_deputycollector", "pk": 8, "fields": {"admin": 24, "can_view": true, "can_select_for_interview": true, "can_select_for_position": true, "can_fianlize_selection": true}}, {"model": "aww.admin_deputycollector", "pk": 9, "fields": {"admin": 27, "can_view": true, "can_select_for_interview": true, "can_select_for_position": true, "can_fianlize_selection": true}}, {"model": "aww.admin_deputycollector", "pk": 10, "fields": {"admin": 30, "can_view": true, "can_select_for_interview": true, "can_select_for_position": true, "can_fianlize_selection": true}}, {"model": "aww.admin_deputycollector", "pk": 11, "fields": {"admin": 33, "can_view": true, "can_select_for_interview": true, "can_select_for_position": true, "can_fianlize_selection": true}}, {"model": "aww.admin_deputycollector", "pk": 12, "fields": {"admin": 36, "can_view": true, "can_select_for_interview": true, "can_select_for_position": true, "can_fianlize_selection": true}}, {"model": "aww.application", "pk": 1, "fields": {"center": 1, "for_position": "worker", "applicant_name": "ABACD", "phone_no": "+919292987867", "graduation": "12 pass", "is_married": true, "home_distance_from_center": 5, "pincode_of_applicant": 364002, "has_birth_certificate": true, "has_marriage_certificate": false, "has_ration_card": false, "has_adhaar_card": true, "digital_mark": 0, "is_selected_for_interview": false, "is_selected_for_position": false}}, {"model": "aww.application", "pk": 2, "fields": {"center": 1, "for_position": "helper", "applicant_name": "welkm", "phone_no": "+919292987867", "graduation": "12 pass", "is_married": true, "home_distance_from_center": 10, "pincode_of_applicant": 364002, "has_birth_certificate": false, "has_marriage_certificate": true, "has_ration_card": true, "has_adhaar_card": true, "digital_mark": 0, "is_selected_for_interview": false, "is_selected_for_position": false}}, {"model": "aww.application", "pk": 3, "fields": {"center": 2, "for_position": "worker", "applicant_name": "ABACD", "phone_no": "+919292987867", "graduation": "12 pass", "is_married": true, "home_distance_from_center": 5, "pincode_of_applicant": 364002, "has_birth_certificate": true, "has_marriage_certificate": false, "has_ration_card": false, "has_adhaar_card": true, "digital_mark": 0, "is_selected_for_interview": false, "is_selected_for_position": false}}, {"model": "aww.application", "pk": 4, "fields": {"center": 2, "for_position": "helper", "applicant_name": "welkm", "phone_no": "+919292987867", "graduation": "12 pass", "is_married": true, "home_distance_from_center": 10, "pincode_of_applicant": 364002, "has_birth_certificate": false, "has_marriage_certificate": true, "has_ration_card": true, "has_adhaar_card": true, "digital_mark": 0, "is_selected_for_interview": false, "is_selected_for_position": false}}, {"model": "aww.application", "pk": 5, "fields": {"center": 3, "for_position": "worker", "applicant_name": "ABACD", "phone_no": "+919292987867", "graduation": "12 pass", "is_married": true, "home_distance_from_center": 5, "pincode_of_applicant": 364002, "has_birth_certificate": true, "has_marriage_certificate": false, "has_ration_card": false, "has_adhaar_card": true, "digital_mark": 0, "is_selected_for_interview": false, "is_selected_for_position": false}}, {"model": "aww.application", "pk": 6, "fields": {"center": 3, "for_position": "helper", "applicant_name": "welkm", "phone_no": "+919292987867", "graduation": "12 pass", "is_married": true, "home_distance_from_center": 10, "pincode_of_applicant": 364002, "has_birth_certificate": false, "has_marriage_certificate": true, "has_ration_card": true, "has_adhaar_card": true, "digital_mark": 0, "is_selected_for_interview": false, "is_selected_for_position": false}}, {"model": "aww.application", "pk": 7, "fields": {"center": 4, "for_position": "worker", "applicant_name": "ABACD", "phone_no": "+919292987867", "graduation": "12 pass", "is_married": true, "home_distance_from_center": 5, "pincode_of_applicant": 364002, "has_birth_certificate": true, "has_marriage_certificate": false, "has_ration_card": false, "has_adhaar_card": true, "digital_mark": 0, "is_selected_for_interview": false, "is_selected_for_position": false}}, {"model": "aww.application", "pk": 8, "fields": {"center": 4, "for_position": "helper", "applicant_name": "welkm", "phone_no": "+919292987867", "graduation": "12 pass", "is_married": true, "home_distance_from_center": 10, "pincode_of_applicant": 364002, "has_birth_certificate": false, "has_marriage_certificate": true, "has_ration_card": true, "has_adhaar_card": true, "digital_mark": 0, "is_selected_for_interview": false, "is_selected_for_position": false}}, {"model": "aww.application", "pk": 9, "fields": {"center": 5, "for_position": "worker", "applicant_name": "ABACD", "phone_no": "+919292987867", "graduation": "12 pass", "is_married": true, "home_distance_from_center": 5, "pincode_of_applicant": 364002, "has_birth_certificate": true, "has_marriage_certificate": false, "has_ration_card": false, "has_adhaar_card": true, "digital_mark": 0, "is_selected_for_interview": false, "is_selected_for_position": false}}, {"model": "aww.application", "pk": 10, "fields": {"center": 5, "for_position": "helper", "applicant_name": "welkm", "phone_no": "+919292987867", "graduation": "12 pass", "is_married": true, "home_distance_from_center": 10, "pincode_of_applicant": 364002, "has_birth_certificate": false, "has_marriage_certificate": true, "has_ration_card": true, "has_adhaar_card": true, "digital_mark": 0, "is_selected_for_interview": false, "is_selected_for_position": false}}, {"model": "aww.application", "pk": 11, "fields": {"center": 6, "for_position": "worker", "applicant_name": "ABACD", "phone_no": "+919292987867", "graduation": "12 pass", "is_married": true, "home_distance_from_center": 5, "pincode_of_applicant": 364002, "has_birth_certificate": true, "has_marriage_certificate": false, "has_ration_card": false, "has_adhaar_card": true, "digital_mark": 0, "is_selected_for_interview": false, "is_selected_for_position": false}}, {"model": "aww.application", "pk": 12, "fields": {"center": 6, "for_position": "helper", "applicant_name": "welkm", "phone_no": "+919292987867", "graduation": "12 pass", "is_married": true, "home_distance_from_center": 10, "pincode_of_applicant": 364002, "has_birth_certificate": false, "has_marriage_certificate": true, "has_ration_card": true, "has_adhaar_card": true, "digital_mark": 0, "is_selected_for_interview": false, "is_selected_for_position": false}}, {"model": "aww.application", "pk": 13, "fields": {"center": 7, "for_position": "worker", "applicant_name": "ABACD", "phone_no": "+919292987867", "graduation": "12 pass", "is_married": true, "home_distance_from_center": 5, "pincode_of_applicant": 364002, "has_birth_certificate": true, "has_marriage_certificate": false, "has_ration_card": false, "has_adhaar_card": true, "digital_mark": 0, "is_selected_for_interview": false, "is_selected_for_position": false}}, {"model": "aww.application", "pk": 14, "fields": {"center": 7, "for_position": "helper", "applicant_name": "welkm", "phone_no": "+919292987867", "graduation": "12 pass", "is_married": true, "home_distance_from_center": 10, "pincode_of_applicant": 364002, "has_birth_certificate": false, "has_marriage_certificate": true, "has_ration_card": true, "has_adhaar_card": true, "digital_mark": 0, "is_selected_for_interview": false, "is_selected_for_position": false}}, {"model": "aww.application", "pk": 15, "fields": {"center": 8, "for_position": "worker", "applicant_name": "ABACD", "phone_no": "+919292987867", "graduation": "12 pass", "is_married": true, "home_distance_from_center": 5, "pincode_of_applicant": 364002, "has_birth_certificate": true, "has_marriage_certificate": false, "has_ration_card": false, "has_adhaar_card": true, "digital_mark": 0, "is_selected_for_interview": false, "is_selected_for_position": false}}, {"model": "aww.application", "pk": 16, "fields": {"center": 8, "for_position": "helper", "applicant_name": "welkm", "phone_no": "+919292987867", "graduation": "12 pass", "is_married": true, "home_distance_from_center": 10, "pincode_of_applicant": 364002, "has_birth_certificate": false, "has_marriage_certificate": true, "has_ration_card": true, "has_adhaar_card": true, "digital_mark": 0, "is_selected_for_interview": false, "is_selected_for_position": false}}, {"model": "aww.application", "pk": 17, "fields": {"center": 9, "for_position": "worker", "applicant_name": "ABACD", "phone_no": "+919292987867", "graduation": "12 pass", "is_married": true, "home_distance_from_center": 5, "pincode_of_applicant": 364002, "has_birth_certificate": true, "has_marriage_certificate": false, "has_ration_card": false, "has_adhaar_card": true, "digital_mark": 0, "is_selected_for_interview": false, "is_selected_for_position": false}}, {"model": "aww.application", "pk": 18, "fields": {"center": 9, "for_position": "helper", "applicant_name": "welkm", "phone_no": "+919292987867", "graduation": "12 pass", "is_married": true, "home_distance_from_center": 10, "pincode_of_applicant": 364002, "has_birth_certificate": false, "has_marriage_certificate": true, "has_ration_card": true, "has_adhaar_card": true, "digital_mark": 0, "is_selected_for_interview": false, "is_selected_for_position": false}}, {"model": "aww.application", "pk": 19, "fields": {"center": 10, "for_position": "worker", "applicant_name": "ABACD", "phone_no": "+919292987867", "graduation": "12 pass", "is_married": true, "home_distance_from_center": 5, "pincode_of_applicant": 364002, "has_birth_certificate": true, "has_marriage_certificate": false, "has_ration_card": false, "has_adhaar_card": true, "digital_mark": 0, "is_selected_for_interview": false, "is_selected_for_position": false}}, {"model": "aww.application", "pk": 20, "fields": {"center": 10, "for_position": "helper", "applicant_name": "welkm", "phone_no": "+919292987867", "graduation": "12 pass", "is_married": true, "home_distance_from_center": 10, "pincode_of_applicant": 364002, "has_birth_certificate": false, "has_marriage_certificate": true, "has_ration_card": true, "has_adhaar_card": true, "digital_mark": 0, "is_selected_for_interview": false, "is_selected_for_position": false}}, {"model": "aww.application", "pk": 21, "fields": {"center": 11, "for_position": "worker", "applicant_name": "ABACD", "phone_no": "+919292987867", "graduation": "12 pass", "is_married": true, "home_distance_from_center": 5, "pincode_of_applicant": 364002, "has_birth_certificate": true, "has_marriage_certificate": false, "has_ration_card": false, "has_adhaar_card": true, "digital_mark": 0, "is_selected_for_interview": false, "is_selected_for_position": false}}, {"model": "aww.application", "pk": 22, "fields": {"center": 11, "for_position": "helper", "applicant_name": "welkm", "phone_no": "+919292987867", "graduation": "12 pass", "is_married": true, "home_distance_from_center": 10, "pincode_of_applicant": 364002, "has_birth_certificate": false, "has_marriage_certificate": true, "has_ration_card": true, "has_adhaar_card": true, "digital_mark": 0, "is_selected_for_interview": false, "is_selected_for_position": false}}, {"model": "aww.application", "pk": 23, "fields": {"center": 12, "for_position": "worker", "applicant_name": "ABACD", "phone_no": "+919292987867", "graduation": "12 pass", "is_married": true, "home_distance_from_center": 5, "pincode_of_applicant": 364002, "has_birth_certificate": true, "has_marriage_certificate": false, "has_ration_card": false, "has_adhaar_card": true, "digital_mark": 0, "is_selected_for_interview": false, "is_selected_for_position": false}}, {"model": "aww.application", "pk": 24, "fields": {"center": 12, "for_position": "helper", "applicant_name": "welkm", "phone_no": "+919292987867", "graduation": "12 pass", "is_married": true, "home_distance_from_center": 10, "pincode_of_applicant": 364002, "has_birth_certificate": false, "has_marriage_certificate": true, "has_ration_card": true, "has_adhaar_card": true, "digital_mark": 0, "is_selected_for_interview": false, "is_selected_for_position": false}}, {"model": "aww.application", "pk": 25, "fields": {"center": 13, "for_position": "worker", "applicant_name": "ABACD", "phone_no": "+919292987867", "graduation": "12 pass", "is_married": true, "home_distance_from_center": 5, "pincode_of_applicant": 364002, "has_birth_certificate": true, "has_marriage_certificate": false, "has_ration_card": false, "has_adhaar_card": true, "digital_mark": 0, "is_selected_for_interview": false, "is_selected_for_position": false}}, {"model": "aww.application", "pk": 26, "fields": {"center": 13, "for_position": "helper", "applicant_name": "welkm", "phone_no": "+919292987867", "graduation": "12 pass", "is_married": true, "home_distance_from_center": 10, "pincode_of_applicant": 364002, "has_birth_certificate": false, "has_marriage_certificate": true, "has_ration_card": true, "has_adhaar_card": true, "digital_mark": 0, "is_selected_for_interview": false, "is_selected_for_position": false}}, {"model": "aww.application", "pk": 27, "fields": {"center": 14, "for_position": "worker", "applicant_name": "ABACD", "phone_no": "+919292987867", "graduation": "12 pass", "is_married": true, "home_distance_from_center": 5, "pincode_of_applicant": 364002, "has_birth_certificate": true, "has_marriage_certificate": false, "has_ration_card": false, "has_adhaar_card": true, "digital_mark": 0, "is_selected_for_interview": false, "is_selected_for_position": false}}, {"model": "aww.application", "pk": 28, "fields": {"center": 14, "for_position": "helper", "applicant_name": "welkm", "phone_no": "+919292987867", "graduation": "12 pass", "is_married": true, "home_distance_from_center": 10, "pincode_of_applicant": 364002, "has_birth_certificate": false, "has_marriage_certificate": true, "has_ration_card": true, "has_adhaar_card": true, "digital_mark": 0, "is_selected_for_interview": false, "is_selected_for_position": false}}, {"model": "aww.application", "pk": 29, "fields": {"center": 15, "for_position": "worker", "applicant_name": "ABACD", "phone_no": "+919292987867", "graduation": "12 pass", "is_married": true, "home_distance_from_center": 5, "pincode_of_applicant": 364002, "has_birth_certificate": true, "has_marriage_certificate": false, "has_ration_card": false, "has_adhaar_card": true, "digital_mark": 0, "is_selected_for_interview": false, "is_selected_for_position": false}}, {"model": "aww.application", "pk": 30, "fields": {"center": 15, "for_position": "helper", "applicant_name": "welkm", "phone_no": "+919292987867", "graduation": "12 pass", "is_married": true, "home_distance_from_center": 10, "pincode_of_applicant": 364002, "has_birth_certificate": false, "has_marriage_certificate": true, "has_ration_card": true, "has_adhaar_card": true, "digital_mark": 0, "is_selected_for_interview": false, "is_selected_for_position": false}}, {"model": "aww.application", "pk": 31, "fields": {"center": 16, "for_position": "worker", "applicant_name": "ABACD", "phone_no": "+919292987867", "graduation": "12 pass", "is_married": true, "home_distance_from_center": 5, "pincode_of_applicant": 364002, "has_birth_certificate": true, "has_marriage_certificate": false, "has_ration_card": false, "has_adhaar_card": true, "digital_mark": 0, "is_selected_for_interview": false, "is_selected_for_position": false}}, {"model": "aww.application", "pk": 32, "fields": {"center": 16, "for_position": "helper", "applicant_name": "welkm", "phone_no": "+919292987867", "graduation": "12 pass", "is_married": true, "home_distance_from_center": 10, "pincode_of_applicant": 364002, "has_birth_certificate": false, "has_marriage_certificate": true, "has_ration_card": true, "has_adhaar_card": true, "digital_mark": 0, "is_selected_for_interview": false, "is_selected_for_position": false}}, {"model": "aww.application", "pk": 33, "fields": {"center": 17, "for_position": "worker", "applicant_name": "ABACD", "phone_no": "+919292987867", "graduation": "12 pass", "is_married": true, "home_distance_from_center": 5, "pincode_of_applicant": 364002, "has_birth_certificate": true, "has_marriage_certificate": false, "has_ration_card": false, "has_adhaar_card": true, "digital_mark": 0, "is_selected_for_interview": false, "is_selected_for_position": false}}, {"model": "aww.application", "pk": 34, "fields": {"center": 17, "for_position": "helper", "applicant_name": "welkm", "phone_no": "+919292987867", "graduation": "12 pass", "is_married": true, "home_distance_from_center": 10, "pincode_of_applicant": 364002, "has_birth_certificate": false, "has_marriage_certificate": true, "has_ration_card": true, "has_adhaar_card": true, "digital_mark": 0, "is_selected_for_interview": false, "is_selected_for_position": false}}, {"model": "aww.application", "pk": 35, "fields": {"center": 18, "for_position": "worker", "applicant_name": "ABACD", "phone_no": "+919292987867", "graduation": "12 pass", "is_married": true, "home_distance_from_center": 5, "pincode_of_applicant": 364002, "has_birth_certificate": true, "has_marriage_certificate": false, "has_ration_card": false, "has_adhaar_card": true, "digital_mark": 0, "is_selected_for_interview": false, "is_selected_for_position": false}}, {"model": "aww.application", "pk": 36, "fields": {"center": 18, "for_position": "helper", "applicant_name": "welkm", "phone_no": "+919292987867", "graduation": "12 pass", "is_married": true, "home_distance_from_center": 10, "pincode_of_applicant": 364002, "has_birth_certificate": false, "has_marriage_certificate": true, "has_ration_card": true, "has_adhaar_card": true, "digital_mark": 0, "is_selected_for_interview": false, "is_selected_for_position": false}}, {"model": "aww.application", "pk": 37, "fields": {"center": 19, "for_position": "worker", "applicant_name": "ABACD", "phone_no": "+919292987867", "graduation": "12 pass", "is_married": true, "home_distance_from_center": 5, "pincode_of_applicant": 364002, "has_birth_certificate": true, "has_marriage_certificate": false, "has_ration_card": false, "has_adhaar_card": true, "digital_mark": 0, "is_selected_for_interview": false, "is_selected_for_position": false}}, {"model": "aww.application", "pk": 38, "fields": {"center": 19, "for_position": "helper", "applicant_name": "welkm", "phone_no": "+919292987867", "graduation": "12 pass", "is_married": true, "home_distance_from_center": 10, "pincode_of_applicant": 364002, "has_birth_certificate": false, "has_marriage_certificate": true, "has_ration_card": true, "has_adhaar_card": true, "digital_mark": 0, "is_selected_for_interview": false, "is_selected_for_position": false}}, {"model": "aww.application", "pk": 39, "fields": {"center": 20, "for_position": "worker", "applicant_name": "ABACD", "phone_no": "+919292987867", "graduation": "12 pass", "is_married": true, "home_distance_from_center": 5, "pincode_of_applicant": 364002, "has_birth_certificate": true, "has_marriage_certificate": false, "has_ration_card": false, "has_adhaar_card": true, "digital_mark": 0, "is_selected_for_interview": false, "is_selected_for_position": false}}, {"model": "aww.application", "pk": 40, "fields": {"center": 20, "for_position": "helper", "applicant_name": "welkm", "phone_no": "+919292987867", "graduation": "12 pass", "is_married": true, "home_distance_from_center": 10, "pincode_of_applicant": 364002, "has_birth_certificate": false, "has_marriage_certificate": true, "has_ration_card": true, "has_adhaar_card": true, "digital_mark": 0, "is_selected_for_interview": false, "is_selected_for_position": false}}, {"model": "aww.application", "pk": 41, "fields": {"center": 21, "for_position": "worker", "applicant_name": "ABACD", "phone_no": "+919292987867", "graduation": "12 pass", "is_married": true, "home_distance_from_center": 5, "pincode_of_applicant": 364002, "has_birth_certificate": true, "has_marriage_certificate": false, "has_ration_card": false, "has_adhaar_card": true, "digital_mark": 0, "is_selected_for_interview": false, "is_selected_for_position": false}}, {"model": "aww.application", "pk": 42, "fields": {"center": 21, "for_position": "helper", "applicant_name": "welkm", "phone_no": "+919292987867", "graduation": "12 pass", "is_married": true, "home_distance_from_center": 10, "pincode_of_applicant": 364002, "has_birth_certificate": false, "has_marriage_certificate": true, "has_ration_card": true, "has_adhaar_card": true, "digital_mark": 0, "is_selected_for_interview": false, "is_selected_for_position": false}}, {"model": "aww.application", "pk": 43, "fields": {"center": 22, "for_position": "worker", "applicant_name": "ABACD", "phone_no": "+919292987867", "graduation": "12 pass", "is_married": true, "home_distance_from_center": 5, "pincode_of_applicant": 364002, "has_birth_certificate": true, "has_marriage_certificate": false, "has_ration_card": false, "has_adhaar_card": true, "digital_mark": 0, "is_selected_for_interview": false, "is_selected_for_position": false}}, {"model": "aww.application", "pk": 44, "fields": {"center": 22, "for_position": "helper", "applicant_name": "welkm", "phone_no": "+919292987867", "graduation": "12 pass", "is_married": true, "home_distance_from_center": 10, "pincode_of_applicant": 364002, "has_birth_certificate": false, "has_marriage_certificate": true, "has_ration_card": true, "has_adhaar_card": true, "digital_mark": 0, "is_selected_for_interview": false, "is_selected_for_position": false}}, {"model": "aww.application", "pk": 45, "fields": {"center": 23, "for_position": "worker", "applicant_name": "ABACD", "phone_no": "+919292987867", "graduation": "12 pass", "is_married": true, "home_distance_from_center": 5, "pincode_of_applicant": 364002, "has_birth_certificate": true, "has_marriage_certificate": false, "has_ration_card": false, "has_adhaar_card": true, "digital_mark": 0, "is_selected_for_interview": false, "is_selected_for_position": false}}, {"model": "aww.application", "pk": 46, "fields": {"center": 23, "for_position": "helper", "applicant_name": "welkm", "phone_no": "+919292987867", "graduation": "12 pass", "is_married": true, "home_distance_from_center": 10, "pincode_of_applicant": 364002, "has_birth_certificate": false, "has_marriage_certificate": true, "has_ration_card": true, "has_adhaar_card": true, "digital_mark": 0, "is_selected_for_interview": false, "is_selected_for_position": false}}, {"model": "aww.application", "pk": 47, "fields": {"center": 24, "for_position": "worker", "applicant_name": "ABACD", "phone_no": "+919292987867", "graduation": "12 pass", "is_married": true, "home_distance_from_center": 5, "pincode_of_applicant": 364002, "has_birth_certificate": true, "has_marriage_certificate": false, "has_ration_card": false, "has_adhaar_card": true, "digital_mark": 0, "is_selected_for_interview": false, "is_selected_for_position": false}}, {"model": "aww.application", "pk": 48, "fields": {"center": 24, "for_position": "helper", "applicant_name": "welkm", "phone_no": "+919292987867", "graduation": "12 pass", "is_married": true, "home_distance_from_center": 10, "pincode_of_applicant": 364002, "has_birth_certificate": false, "has_marriage_certificate": true, "has_ration_card": true, "has_adhaar_card": true, "digital_mark": 0, "is_selected_for_interview": false, "is_selected_for_position": false}}, {"model": "auth.permission", "pk": 1, "fields": {"name": "Can add log entry", "content_type": 1, "codename": "add_logentry"}}, {"model": "auth.permission", "pk": 2, "fields": {"name": "Can change log entry", "content_type": 1, "codename": "change_logentry"}}, {"model": "auth.permission", "pk": 3, "fields": {"name": "Can delete log entry", "content_type": 1, "codename": "delete_logentry"}}, {"model": "auth.permission", "pk": 4, "fields": {"name": "Can add user", "content_type": 2, "codename": "add_user"}}, {"model": "auth.permission", "pk": 5, "fields": {"name": "Can change user", "content_type": 2, "codename": "change_user"}}, {"model": "auth.permission", "pk": 6, "fields": {"name": "Can delete user", "content_type": 2, "codename": "delete_user"}}, {"model": "auth.permission", "pk": 7, "fields": {"name": "Can add permission", "content_type": 3, "codename": "add_permission"}}, {"model": "auth.permission", "pk": 8, "fields": {"name": "Can change permission", "content_type": 3, "codename": "change_permission"}}, {"model": "auth.permission", "pk": 9, "fields": {"name": "Can delete permission", "content_type": 3, "codename": "delete_permission"}}, {"model": "auth.permission", "pk": 10, "fields": {"name": "Can add group", "content_type": 4, "codename": "add_group"}}, {"model": "auth.permission", "pk": 11, "fields": {"name": "Can change group", "content_type": 4, "codename": "change_group"}}, {"model": "auth.permission", "pk": 12, "fields": {"name": "Can delete group", "content_type": 4, "codename": "delete_group"}}, {"model": "auth.permission", "pk": 13, "fields": {"name": "Can add content type", "content_type": 5, "codename": "add_contenttype"}}, {"model": "auth.permission", "pk": 14, "fields": {"name": "Can change content type", "content_type": 5, "codename": "change_contenttype"}}, {"model": "auth.permission", "pk": 15, "fields": {"name": "Can delete content type", "content_type": 5, "codename": "delete_contenttype"}}, {"model": "auth.permission", "pk": 16, "fields": {"name": "Can add session", "content_type": 6, "codename": "add_session"}}, {"model": "auth.permission", "pk": 17, "fields": {"name": "Can change session", "content_type": 6, "codename": "change_session"}}, {"model": "auth.permission", "pk": 18, "fields": {"name": "Can delete session", "content_type": 6, "codename": "delete_session"}}, {"model": "auth.permission", "pk": 19, "fields": {"name": "Can add admin", "content_type": 7, "codename": "add_admin"}}, {"model": "auth.permission", "pk": 20, "fields": {"name": "Can change admin", "content_type": 7, "codename": "change_admin"}}, {"model": "auth.permission", "pk": 21, "fields": {"name": "Can delete admin", "content_type": 7, "codename": "delete_admin"}}, {"model": "auth.permission", "pk": 22, "fields": {"name": "Can add admin_cdpo", "content_type": 8, "codename": "add_admin_cdpo"}}, {"model": "auth.permission", "pk": 23, "fields": {"name": "Can change admin_cdpo", "content_type": 8, "codename": "change_admin_cdpo"}}, {"model": "auth.permission", "pk": 24, "fields": {"name": "Can delete admin_cdpo", "content_type": 8, "codename": "delete_admin_cdpo"}}, {"model": "auth.permission", "pk": 25, "fields": {"name": "Can add application", "content_type": 9, "codename": "add_application"}}, {"model": "auth.permission", "pk": 26, "fields": {"name": "Can change application", "content_type": 9, "codename": "change_application"}}, {"model": "auth.permission", "pk": 27, "fields": {"name": "Can delete application", "content_type": 9, "codename": "delete_application"}}, {"model": "auth.permission", "pk": 28, "fields": {"name": "Can add admin_ deputy collector", "content_type": 10, "codename": "add_admin_deputycollector"}}, {"model": "auth.permission", "pk": 29, "fields": {"name": "Can change admin_ deputy collector", "content_type": 10, "codename": "change_admin_deputycollector"}}, {"model": "auth.permission", "pk": 30, "fields": {"name": "Can delete admin_ deputy collector", "content_type": 10, "codename": "delete_admin_deputycollector"}}, {"model": "auth.permission", "pk": 31, "fields": {"name": "Can add center", "content_type": 11, "codename": "add_center"}}, {"model": "auth.permission", "pk": 32, "fields": {"name": "Can change center", "content_type": 11, "codename": "change_center"}}, {"model": "auth.permission", "pk": 33, "fields": {"name": "Can delete center", "content_type": 11, "codename": "delete_center"}}, {"model": "auth.permission", "pk": 34, "fields": {"name": "Can add admin_tdo", "content_type": 12, "codename": "add_admin_tdo"}}, {"model": "auth.permission", "pk": 35, "fields": {"name": "Can change admin_tdo", "content_type": 12, "codename": "change_admin_tdo"}}, {"model": "auth.permission", "pk": 36, "fields": {"name": "Can delete admin_tdo", "content_type": 12, "codename": "delete_admin_tdo"}}, {"model": "auth.permission", "pk": 37, "fields": {"name": "Can add subscribers", "content_type": 13, "codename": "add_subscribers"}}, {"model": "auth.permission", "pk": 38, "fields": {"name": "Can change subscribers", "content_type": 13, "codename": "change_subscribers"}}, {"model": "auth.permission", "pk": 39, "fields": {"name": "Can delete subscribers", "content_type": 13, "codename": "delete_subscribers"}}, {"model": "auth.permission", "pk": 40, "fields": {"name": "Can add district", "content_type": 14, "codename": "add_district"}}, {"model": "auth.permission", "pk": 41, "fields": {"name": "Can change district", "content_type": 14, "codename": "change_district"}}, {"model": "auth.permission", "pk": 42, "fields": {"name": "Can delete district", "content_type": 14, "codename": "delete_district"}}, {"model": "auth.permission", "pk": 43, "fields": {"name": "Can add state", "content_type": 15, "codename": "add_state"}}, {"model": "auth.permission", "pk": 44, "fields": {"name": "Can change state", "content_type": 15, "codename": "change_state"}}, {"model": "auth.permission", "pk": 45, "fields": {"name": "Can delete state", "content_type": 15, "codename": "delete_state"}}, {"model": "auth.permission", "pk": 46, "fields": {"name": "Can add project", "content_type": 16, "codename": "add_project"}}, {"model": "auth.permission", "pk": 47, "fields": {"name": "Can change project", "content_type": 16, "codename": "change_project"}}, {"model": "auth.permission", "pk": 48, "fields": {"name": "Can delete project", "content_type": 16, "codename": "delete_project"}}, {"model": "auth.user", "pk": 1, "fields": {"password": "aww123123", "last_login": null, "is_superuser": false, "username": "YASHASHVI", "first_name": "", "last_name": "", "email": "", "is_staff": false, "is_active": true, "date_joined": "2018-03-30T08:50:11.354Z", "groups": [], "user_permissions": []}}, {"model": "auth.user", "pk": 2, "fields": {"password": "aww123123", "last_login": null, "is_superuser": false, "username": "PINAL", "first_name": "", "last_name": "", "email": "", "is_staff": false, "is_active": true, "date_joined": "2018-03-30T08:50:11.396Z", "groups": [], "user_permissions": []}}, {"model": "auth.user", "pk": 3, "fields": {"password": "aww123123", "last_login": null, "is_superuser": false, "username": "STUTI", "first_name": "", "last_name": "", "email": "", "is_staff": false, "is_active": true, "date_joined": "2018-03-30T08:50:11.429Z", "groups": [], "user_permissions": []}}, {"model": "auth.user", "pk": 4, "fields": {"password": "aww123123", "last_login": null, "is_superuser": false, "username": "ANERI", "first_name": "", "last_name": "", "email": "", "is_staff": false, "is_active": true, "date_joined": "2018-03-30T08:50:11.462Z", "groups": [], "user_permissions": []}}, {"model": "auth.user", "pk": 5, "fields": {"password": "aww123123", "last_login": null, "is_superuser": false, "username": "ARCHITA", "first_name": "", "last_name": "", "email": "", "is_staff": false, "is_active": true, "date_joined": "2018-03-30T08:50:11.507Z", "groups": [], "user_permissions": []}}, {"model": "auth.user", "pk": 6, "fields": {"password": "aww123123", "last_login": null, "is_superuser": false, "username": "BANSI", "first_name": "", "last_name": "", "email": "", "is_staff": false, "is_active": true, "date_joined": "2018-03-30T08:50:11.611Z", "groups": [], "user_permissions": []}}, {"model": "aww.admin", "pk": 1, "fields": {"user": 1, "project": 1}}, {"model": "aww.admin", "pk": 2, "fields": {"user": 2, "project": 1}}, {"model": "aww.admin", "pk": 3, "fields": {"user": 3, "project": 1}}, {"model": "aww.admin", "pk": 4, "fields": {"user": 1, "project": 2}}, {"model": "aww.admin", "pk": 5, "fields": {"user": 2, "project": 2}}, {"model": "aww.admin", "pk": 6, "fields": {"user": 3, "project": 2}}, {"model": "aww.admin", "pk": 7, "fields": {"user": 1, "project": 3}}, {"model": "aww.admin", "pk": 8, "fields": {"user": 2, "project": 3}}, {"model": "aww.admin", "pk": 9, "fields": {"user": 3, "project": 3}}, {"model": "aww.admin", "pk": 10, "fields": {"user": 1, "project": 4}}, {"model": "aww.admin", "pk": 11, "fields": {"user": 2, "project": 4}}, {"model": "aww.admin", "pk": 12, "fields": {"user": 3, "project": 4}}, {"model": "aww.admin", "pk": 13, "fields": {"user": 4, "project": 5}}, {"model": "aww.admin", "pk": 14, "fields": {"user": 5, "project": 5}}, {"model": "aww.admin", "pk": 15, "fields": {"user": 6, "project": 5}}, {"model": "aww.admin", "pk": 16, "fields": {"user": 4, "project": 6}}, {"model": "aww.admin", "pk": 17, "fields": {"user": 5, "project": 6}}, {"model": "aww.admin", "pk": 18, "fields": {"user": 6, "project": 6}}, {"model": "aww.admin", "pk": 19, "fields": {"user": 4, "project": 7}}, {"model": "aww.admin", "pk": 20, "fields": {"user": 5, "project": 7}}, {"model": "aww.admin", "pk": 21, "fields": {"user": 6, "project": 7}}, {"model": "aww.admin", "pk": 22, "fields": {"user": 4, "project": 8}}, {"model": "aww.admin", "pk": 23, "fields": {"user": 5, "project": 8}}, {"model": "aww.admin", "pk": 24, "fields": {"user": 6, "project": 8}}, {"model": "aww.admin", "pk": 25, "fields": {"user": 1, "project": 9}}, {"model": "aww.admin", "pk": 26, "fields": {"user": 3, "project": 9}}, {"model": "aww.admin", "pk": 27, "fields": {"user": 6, "project": 9}}, {"model": "aww.admin", "pk": 28, "fields": {"user": 1, "project": 10}}, {"model": "aww.admin", "pk": 29, "fields": {"user": 3, "project": 10}}, {"model": "aww.admin", "pk": 30, "fields": {"user": 6, "project": 10}}, {"model": "aww.admin", "pk": 31, "fields": {"user": 1, "project": 11}}, {"model": "aww.admin", "pk": 32, "fields": {"user": 3, "project": 11}}, {"model": "aww.admin", "pk": 33, "fields": {"user": 6, "project": 11}}, {"model": "aww.admin", "pk": 34, "fields": {"user": 1, "project": 12}}, {"model": "aww.admin", "pk": 35, "fields": {"user": 3, "project": 12}}, {"model": "aww.admin", "pk": 36, "fields": {"user": 6, "project": 12}}]